{"cameraMode":{"drawMode":0,"name":"Shaded","section":"Shading Mode"},"sceneLighting":false,"audioPlay":false,"sceneViewState":{"showFog":true,"showMaterialUpdate":false,"showSkybox":true,"showFlares":true,"showImageEffects":true,"showParticleSystems":true},"in2DMode":false,"pivot":{"x":8.687071800231934,"y":-6.928468704223633,"z":1.603633165359497},"rotation":{"x":0.2340802401304245,"y":0.704639196395874,"z":-0.268867164850235,"w":0.6135464310646057},"size":32.265445709228519,"orthographic":false}